Index,long,lat,LUC,blue,green,red,nir,swir16,swir22,ndvi,ndwi1,ndwi2
0,646120,4471599,4,363,542,754,1115,2141,2069,1931,-3151,-2996
1,653880,4419970,4,448,552,738,1062,2328,2275,1800,-3734,-3635
2,640800,4484280,5,432,645,872,1534,2059,1696,2751,-1461,-501
3,611920,4436859,4,312,507,533,1952,1694,977,5710,707,3328
4,647780,4461450,5,394,650,1044,1454,2629,2482,1641,-2877,-2611
5,607000,4449109,5,910,1170,1550,2100,3150,2464,1506,-2000,-797
6,699869,4493400,5,1011,1148,1224,2526,2657,1946,3472,-252,1296
7,610629,4478430,4,171,383,243,2980,1159,571,8492,4399,6784
8,624900,4401760,4,330,554,582,2556,2456,1746,6290,199,1882
9,641999,4415539,5,429,576,802,1067,2388,2354,1417,-3823,-3762
10,658559,4426070,5,440,752,1050,1619,2580,2358,2131,-2288,-1858
11,633049,4462360,4,502,646,730,2194,1936,1286,5006,624,2609
12,631420,4425799,4,607,834,828,2602,1551,924,5172,2530,4758
13,692690,4451119,4,244,450,529,1356,1927,1510,4387,-1739,-537
14,691840,4429719,4,97,279,378,1438,1450,1142,5837,-41,1147
15,671029,4426869,4,1,40,74,1415,842,389,9006,2538,5687
16,662939,4435420,4,582,772,1060,1232,2594,2750,750,-3559,-3812
17,657349,4437340,4,276,610,523,2352,1675,1228,6361,1681,3139
18,602609,4439610,5,426,651,791,2220,2323,1603,4745,-226,1613
19,672419,4490459,4,247,405,465,1590,1292,830,5474,1034,3140
20,669970,4453260,4,428,554,831,1247,2225,1986,2001,-2816,-2285
21,647490,4451499,5,525,836,1038,1989,2409,1891,3141,-954,252
22,681759,4479990,4,184,394,402,1803,1502,983,6353,910,2943
23,685300,4491210,4,425,694,928,2410,2161,1650,4439,544,1871
24,697629,4449430,4,695,958,1338,1722,3360,3552,1254,-3223,-3469
25,705550,4491230,5,708,884,1042,1622,2158,1817,2177,-1417,-567
26,668199,4462799,4,238,400,396,1708,1804,1123,6235,-273,2066
27,703149,4454689,4,130,350,323,1680,1810,1307,6774,-372,1248
28,701770,4489220,4,576,747,771,2042,1743,1242,4518,789,2436
29,660199,4482420,4,466,694,1016,1651,2319,1797,2380,-1682,-423
30,704540,4395210,4,38,250,247,1598,867,517,7322,2965,5111
31,652230,4446839,5,710,1110,1314,2752,2479,1780,3536,521,2144
32,625910,4489360,4,216,486,362,2588,1309,784,7545,3282,5349
33,630739,4489780,5,268,467,616,1473,2056,1723,4102,-1652,-782
34,630999,4437210,4,324,573,678,1905,1977,1374,4750,-185,1619
35,700410,4434550,5,136,427,282,2379,1808,1193,7880,1363,3320
36,709490,4401389,4,124,357,397,1859,1341,810,6480,1618,3930
37,701239,4431660,4,244,430,543,1354,1423,1066,4275,-248,1190
38,629149,4450310,5,168,358,514,1586,1908,1286,5104,-921,1044
39,644690,4406619,5,382,596,799,1393,2122,1713,2709,-2073,-1030
40,627980,4434930,4,346,484,712,1040,2310,2300,1872,-3791,-3772
41,649470,4445129,5,449,694,810,2298,2820,2269,4787,-1019,63
42,631249,4443079,4,232,396,362,2136,1423,805,7101,2003,4525
43,696630,4494190,5,714,932,976,1888,1714,1263,3184,483,1983
44,633750,4487470,5,2200,2448,2470,2922,2010,1637,838,1849,2818
45,653209,4438670,4,514,726,1010,1755,2749,2093,2694,-2206,-878
46,670420,4404440,2,1190,1384,1602,2082,2491,2263,1302,-894,-416
47,700160,4397260,2,1,142,152,1,83,101,-9869,-9761,-9803
48,704579,4433820,5,670,926,1023,2324,2572,2321,3887,-506,6
49,697090,4495870,5,696,876,996,1863,1830,1440,3032,89,1280
50,649319,4464890,5,207,422,503,1584,1686,1211,5179,-311,1334
51,627870,4488770,5,287,502,606,1725,1747,1215,4800,-63,1734
52,655610,4457099,6,334,478,330,266,289,270,-1073,-414,-74
53,673860,4494970,5,547,826,968,1938,2376,1653,3337,-1015,793
54,689459,4479170,4,404,648,630,2286,1745,1161,5679,1342,3263
55,668000,4455340,5,225,594,577,2079,2178,1598,5655,-232,1308
56,629509,4420070,4,162,436,264,3232,1616,778,8489,3333,6119
57,657509,4397319,5,282,678,771,1986,2700,2225,4406,-1523,-567
58,655400,4403620,5,314,710,766,3156,2680,1985,6093,815,2277
59,627799,4490750,4,458,679,791,2778,2128,1381,5567,1324,3358
60,686670,4407250,4,14,204,128,2034,761,366,8815,4554,6949
61,628070,4494620,4,172,392,367,2213,1264,670,7155,2729,5352
62,693529,4415650,4,205,430,512,1712,1701,1059,5395,32,2356
63,701480,4484140,5,618,838,934,2002,1983,1501,3637,47,1430
64,683930,4468950,5,668,974,1194,1971,2312,1910,2454,-796,157
65,662360,4445129,5,712,1158,1510,2094,2894,2570,1620,-1603,-1020
66,610670,4422760,4,365,568,662,2100,1571,909,5206,1441,3958
67,651250,4489840,4,441,558,734,907,1690,1748,1054,-3015,-3167
68,693110,4420149,4,119,371,271,1997,1235,767,7610,2357,4450
69,656449,4394809,5,254,430,532,1371,1759,1389,4408,-1239,-65
70,670420,4479390,5,410,658,794,1739,2325,1623,3730,-1441,345
71,629769,4480400,4,1368,1650,2042,2674,760,505,1340,5573,6822
72,689060,4489370,5,301,566,638,1700,1507,1059,4542,601,2323
73,652880,4483800,5,1632,1676,1904,2788,1058,824,1884,4498,5437
74,702310,4465089,4,316,451,415,2364,1360,824,7013,2696,4830
75,708059,4461559,4,528,739,826,2521,1910,1234,5064,1378,3427
76,616650,4489180,4,222,452,395,2340,1280,727,7111,2928,5259
77,664400,4421070,5,800,1382,2202,2893,3338,2734,1356,-714,282
78,703530,4452620,5,703,864,1040,2104,2367,1964,3384,-588,344
79,616050,4497640,4,210,436,399,2245,1312,821,6981,2622,4644
80,666660,4471500,4,398,564,852,1189,2294,2104,1651,-3172,-2778
81,630519,4499950,4,389,601,614,2167,2387,1596,5584,-483,1517
82,644939,4405070,5,1048,1482,1962,2597,4013,3464,1392,-2142,-1430
83,678590,4491360,4,324,530,477,1860,1541,1032,5917,937,2863
84,601339,4478940,4,398,608,645,2456,2474,1721,5840,-36,1759
85,628329,4464200,4,444,610,948,1583,2282,1736,2508,-1808,-460
86,672809,4483629,4,422,614,642,1977,2052,1412,5097,-186,1667
87,689590,4456099,4,745,1023,1392,1946,2666,2632,1659,-1561,-1498
88,651890,4478580,6,50,89,86,109,742,768,1179,-7438,-7514
89,655969,4441980,4,880,1246,1808,2346,3918,3912,1295,-2509,-2502
90,693480,4399800,4,3508,3552,3272,3849,721,475,810,6844,7802
91,604670,4455729,4,88,271,217,1965,1326,677,8010,1941,4875
92,706279,4412070,4,176,345,323,1752,1547,1040,6886,621,2550
93,665290,4447500,4,402,603,866,1156,2583,2739,1434,-3816,-4064
94,694359,4462900,4,476,660,834,1898,2143,1622,3894,-606,784
95,663170,4435300,4,674,982,1302,1555,2465,2545,885,-2263,-2414
96,610169,4421300,4,251,560,416,2699,1425,695,7329,3089,5904
97,650520,4435790,5,332,609,1302,1865,2977,2747,1777,-2296,-1912
98,663720,4457930,4,367,702,696,3553,2183,1402,6723,2388,4341
99,669499,4404780,5,461,709,930,1813,2637,2147,3219,-1851,-843
100,647200,4471849,4,205,313,422,617,1412,1510,1876,-3918,-4198
101,701890,4494949,4,1004,1202,1238,2698,2279,1622,3709,841,2490
102,689970,4472680,5,677,968,1278,2216,2237,1763,2684,-47,1138
103,693620,4396489,4,1,184,191,1731,790,471,8012,3732,5722
104,609290,4449699,5,772,908,1186,1746,2309,1743,1909,-1388,8
105,627039,4413370,4,190,458,307,2164,1737,1035,7515,1094,3529
106,626939,4463720,4,323,616,806,2036,2200,1685,4327,-387,943
107,684340,4397659,4,150,323,254,2059,1027,591,7803,3344,5539
108,602029,4457809,4,238,617,478,3352,2206,1094,7503,2061,5078
109,667779,4424290,4,35,322,249,1559,1737,1181,7245,-540,1379
110,636969,4493010,4,705,891,1164,1404,2275,2242,934,-2367,-2298
111,629759,4438970,4,389,565,792,1466,2278,1641,2984,-2168,-563
112,667369,4496079,4,354,506,503,1740,1364,931,5514,1211,3028
113,681210,4428850,4,505,756,1134,1846,3007,2685,2389,-2392,-1851
114,641719,4456389,5,457,836,1170,1740,2373,1948,1958,-1539,-563
115,601620,4457020,4,318,488,528,2257,1918,1197,6208,811,3068
116,618880,4467330,5,824,946,1018,2294,1947,1282,3852,818,2829
117,635569,4461089,4,291,626,683,2531,2189,1377,5749,724,2952
118,625579,4444070,4,166,349,206,2203,891,440,8289,4240,6670
119,619870,4416609,4,105,249,185,2083,1149,560,8368,2889,5762
120,633249,4442860,4,298,436,625,863,1911,2015,1599,-3777,-4002
121,691639,4439970,4,116,268,426,1131,1293,1020,4527,-668,516
122,669420,4404490,5,417,650,690,2156,2037,1624,5151,283,1407
123,684279,4414190,4,41,237,156,1201,1077,620,7700,544,3190
124,705789,4404190,5,493,680,811,1512,1647,1206,3017,-427,1125
125,659200,4390330,5,562,854,1178,2010,3215,2769,2609,-2306,-1588
126,695510,4448840,4,650,796,1224,1674,2664,2380,1552,-2282,-1741
127,688160,4407910,4,405,670,670,2512,1769,1097,5788,1735,3920
128,653909,4448080,4,254,415,532,2280,1454,917,6216,2212,4263
129,695560,4398259,5,3288,3980,3692,4093,1416,1127,515,4859,5681
130,659869,4481579,4,436,638,927,1534,2443,1844,2466,-2285,-917
131,648050,4481609,4,355,475,578,802,1436,1469,1623,-2832,-2937
132,668740,4443239,4,299,488,860,1112,2211,1829,1277,-3307,-2437
133,614609,4390980,5,654,962,1338,1850,2646,2178,1606,-1770,-814
134,675620,4417410,4,2676,3652,2818,3508,1329,971,1090,4504,5664
135,601979,4428739,5,517,760,1138,1825,2590,1780,2318,-1732,124
136,649120,4460120,5,425,550,762,1129,1971,1774,1940,-2716,-2221
137,655930,4395699,5,304,512,688,1535,2556,2159,3810,-2495,-1689
138,645560,4408530,5,380,592,799,1665,2093,1435,3514,-1138,741
139,641870,4410940,5,362,620,678,2042,2324,1696,5014,-645,925
140,687179,4418490,5,249,480,644,1562,2147,1596,4161,-1577,-107
141,675749,4436250,4,375,530,758,1027,2221,2362,1507,-3676,-3939
142,705839,4430500,4,263,364,584,731,1666,1776,1117,-3900,-4168
143,675769,4491760,4,319,540,596,2208,1678,1187,5748,1363,3007
144,658550,4432900,4,324,656,576,2549,1732,979,6313,1908,4450
145,634409,4462330,4,134,310,246,1968,1510,964,7777,1316,3424
146,652379,4494400,4,162,393,408,2054,1480,1009,6685,1624,3411
147,629620,4450260,4,53,250,213,1559,1127,645,7595,1608,4147
148,600060,4425100,5,505,710,956,2425,2398,1564,4344,55,2158
149,620489,4437660,4,448,716,661,2901,2392,1565,6288,961,2991
150,691119,4446570,4,618,808,1082,1542,2882,2719,1753,-3028,-2762
151,607710,4456360,4,174,485,386,2490,1704,922,7315,1874,4595
152,669380,4395110,4,103,266,230,1964,1099,607,7903,2824,5278
153,702100,4486680,5,618,809,918,1926,2062,1545,3544,-341,1097
154,698280,4425780,4,142,276,401,1216,1317,926,5040,-398,1353
155,685720,4413150,4,250,500,552,2344,1732,1046,6187,1501,3828
156,629120,4482650,5,3768,3888,4484,4339,355,235,-164,8487,8972
157,616340,4396549,5,240,569,489,3219,2157,1359,7362,1975,4062
158,658649,4405249,4,54,272,177,2045,1388,644,8406,1913,5210
159,665860,4487080,4,202,435,383,1764,1406,939,6432,1129,3052
160,674100,4425810,4,285,506,534,2106,1612,1068,5954,1328,3270
161,605240,4476059,5,560,807,928,2272,2950,2132,4200,-1298,317
162,701369,4499899,2,866,1015,1118,1970,2110,1675,2759,-343,809
163,621259,4496349,4,286,470,497,1881,1769,1154,5820,306,2395
164,608470,4390450,5,715,990,1462,2173,3196,2602,1955,-1905,-898
165,673909,4430940,4,456,710,1078,1508,2312,2027,1662,-2104,-1468
166,627389,4442670,4,364,556,762,2067,1590,1060,4612,1304,3220
167,658929,4464380,4,175,428,514,1295,1661,1157,4317,-1238,562
168,633740,4392609,5,27,101,26,1,173,194,-9259,-9885,-9897
169,624280,4402390,4,364,633,628,3340,2409,1526,6834,1619,3727
170,624340,4446879,4,691,1134,1204,2844,1503,928,4051,3084,5079
171,618959,4472660,4,209,338,452,1731,1510,988,5858,681,2732
172,644929,4493010,4,162,278,316,1616,1374,1025,6728,809,2237
173,667769,4391320,5,710,1206,1388,3060,2337,1583,3758,1339,3181
174,682089,4426600,4,250,530,512,2205,2137,1329,6231,156,2478
175,688679,4440109,4,230,426,593,1371,1710,1182,3961,-1100,740
176,645490,4468909,4,503,758,1012,1440,2590,2504,1745,-2853,-2697
177,675759,4493320,4,184,396,293,2190,1145,660,7639,3133,5368
178,675439,4424120,4,36,337,151,2492,1087,541,8857,3925,6432
179,616059,4443769,5,530,915,1676,2475,2991,2116,1924,-944,781
180,610609,4476719,4,413,678,670,2342,1619,943,5551,1825,4258
181,605129,4421940,4,310,503,548,2106,2187,1404,5870,-188,2000
182,688009,4406600,4,84,277,250,1940,1199,684,7716,2360,4786
183,619310,4437119,4,165,392,349,2344,1474,842,7408,2278,4714
184,644960,4391059,5,1854,2102,2240,2953,4973,4286,1373,-2548,-1841
185,702580,4481830,5,724,884,1130,1758,2363,1869,2174,-1468,-306
186,705899,4462640,4,286,482,376,2334,1347,823,7225,2681,4786
187,615429,4447060,5,534,680,852,1440,1815,1269,2565,-1152,631
188,618999,4422649,4,113,395,226,2589,1256,592,8394,3466,6277
189,612679,4484709,4,112,372,273,1913,1434,819,7502,1431,4004
190,609569,4416470,4,406,636,747,2613,2068,1184,5553,1164,3763
191,659669,4411619,4,171,387,399,1962,1299,769,6620,2033,4368
192,680540,4466690,4,196,469,596,1335,1562,1265,3827,-783,269
193,670229,4408480,5,204,407,494,1430,1960,1695,4864,-1563,-848
194,639439,4424440,4,512,704,1022,1653,2329,1966,2358,-1697,-864
195,670800,4420120,4,96,410,222,2344,1223,608,8269,3142,5880
196,683119,4491690,4,272,439,424,1970,1442,988,6457,1547,3319
197,636369,4390829,5,200,302,487,1025,1950,1382,3558,-3109,-1483
198,636729,4425949,4,209,501,470,2622,1723,1029,6959,2069,4363
199,642090,4437159,4,454,633,944,1346,2215,1962,1755,-2440,-1862
200,687030,4425050,4,127,316,284,1843,1537,876,7329,905,3556
201,706480,4412830,4,415,645,674,2338,2223,1519,5524,252,2123
202,634869,4481890,4,473,552,739,958,1940,1983,1290,-3388,-3485
203,673509,4437610,4,268,422,645,875,1946,2204,1513,-3796,-4316
204,679020,4451410,4,367,560,868,1169,2088,1865,1477,-2821,-2294
205,653020,4395930,5,425,674,792,1948,2431,2023,4218,-1102,-188
206,697220,4397689,4,1642,2106,2054,2941,1373,904,1775,3634,5297
207,680069,4474310,4,332,591,658,2088,1618,1030,5207,1268,3393
208,658959,4466450,5,388,636,1134,1657,2873,2376,1873,-2684,-1782
209,656460,4465130,4,280,372,586,926,1973,1888,2248,-3611,-3418
210,647360,4390720,5,499,841,936,3019,2603,1800,5266,739,2529
211,694430,4438089,4,272,492,524,1496,2157,1733,4811,-1809,-733
212,683359,4450189,4,364,572,796,1586,2140,1626,3316,-1486,-124
213,605699,4445569,5,604,855,1022,2305,2317,1642,3856,-25,1679
214,646430,4423200,4,638,886,1140,1865,3430,3208,2412,-2955,-2647
215,651270,4448769,5,684,1011,1434,2060,3342,2804,1791,-2373,-1529
216,640149,4483129,5,828,1086,1276,2525,1060,776,3285,4086,5298
217,618530,4450890,4,226,436,375,2017,1396,832,6864,1819,4159
218,680509,4465530,4,372,596,818,1749,2172,1658,3626,-1078,267
219,605399,4390280,4,382,710,777,3291,2458,1523,6179,1448,3672
220,616469,4490810,4,408,626,751,2160,2275,1450,4840,-259,1966
221,655370,4460859,6,364,472,320,262,283,262,-996,-385,0
222,602630,4437120,5,564,774,1022,2037,2844,2117,3318,-1653,-192
223,630059,4453409,4,346,662,637,2840,1692,1014,6335,2533,4737
224,659900,4485390,4,335,565,718,2122,1922,1457,4943,494,1858
225,669819,4436230,4,770,890,1104,1312,2021,1997,860,-2127,-2070
226,668929,4483209,4,332,550,620,1769,1647,1093,4809,357,2361
227,655760,4444689,6,582,689,446,352,394,383,-1177,-563,-421
228,675139,4473869,4,195,371,363,2050,1263,772,6991,2375,4528
229,690879,4436960,4,545,754,1138,1332,2447,2404,785,-2950,-2869
230,662299,4423580,4,418,670,1126,1633,2458,1926,1837,-2016,-823
231,686600,4418040,5,344,644,759,2602,2756,2010,5483,-287,1283
232,616940,4465629,4,13,181,188,1618,1298,709,7918,1097,3906
233,628119,4429010,4,139,392,310,2094,1084,593,7420,3178,5586
234,627460,4425160,4,382,644,814,2454,1697,1044,5018,1823,4030
235,675099,4400920,4,250,477,552,1886,1385,882,5471,1531,3627
236,685130,4486570,4,277,522,546,1963,1586,1031,5647,1062,3112
237,668830,4480930,4,308,476,447,1850,1762,1202,6107,243,2123
238,612189,4455030,4,185,455,361,2764,1421,718,7689,3209,5875
239,704710,4438149,5,297,440,516,1528,1872,1634,4951,-1011,-335
240,692739,4433800,4,200,308,512,875,1669,1393,2617,-3121,-2283
241,702319,4499899,2,1080,1230,1410,2178,2252,1852,2140,-167,808
242,665890,4470760,4,377,543,799,983,1939,1975,1032,-3271,-3353
243,601550,4392699,4,1048,1600,2426,3650,4220,2871,2014,-724,1194
244,623280,4419950,4,148,443,305,2759,1798,970,8009,2108,4797
245,647809,4492829,4,270,470,561,1332,1679,1333,4072,-1152,-3
246,608549,4418349,4,254,589,464,2976,1555,777,7302,3136,5859
247,659980,4479509,4,335,486,647,1778,1678,1205,4663,289,1920
248,709669,4410320,4,282,504,453,1990,1471,907,6291,1499,3738
249,693340,4399970,5,3776,4288,3304,4315,843,571,1326,6731,7662
250,698750,4452470,4,736,910,1226,1655,2699,2491,1489,-2397,-2016
251,648470,4432680,4,324,481,606,2149,1992,1332,5600,379,2347
252,627400,4445980,4,176,398,395,2293,1126,626,7061,3413,5710
253,707489,4492240,5,871,1018,1336,1896,2209,1885,1732,-762,29
254,626960,4403120,6,39,143,30,1,74,84,-9354,-9733,-9764
255,671929,4444110,4,282,574,822,1685,2137,1662,3442,-1182,68
256,606640,4480009,5,581,926,1070,2769,2928,1959,4425,-279,1713
257,699260,4444640,5,308,541,582,1728,1933,1602,4961,-559,378
258,655349,4459379,6,458,549,418,358,364,318,-773,-83,591
259,624729,4391469,4,390,688,824,2739,2698,1609,5374,75,2598
260,647300,4406509,5,424,562,792,1256,2246,1824,2265,-2826,-1844
261,674009,4468289,5,405,742,974,1864,2437,1755,3136,-1332,301
262,669869,4464819,4,289,560,673,2062,1947,1304,5078,286,2251
263,628720,4410099,4,252,576,624,3156,2236,1410,6698,1706,3823
264,704930,4490189,4,500,658,530,2888,1518,911,6898,3109,5204
265,601179,4474480,5,492,746,918,2302,2499,1684,4298,-410,1550
266,671909,4428589,4,136,340,302,1769,1479,890,7083,892,3305
267,644330,4397520,5,285,471,436,2291,1971,1335,6802,750,2636
268,641429,4430330,4,310,552,738,1500,2349,2012,3404,-2205,-1457
269,681730,4466540,4,486,711,898,1926,2155,1719,3640,-561,567
270,600989,4477989,4,378,636,676,2370,2130,1364,5561,533,2694
271,659499,4471610,4,282,402,487,1642,1683,1233,5425,-123,1422
272,647849,4459990,4,472,708,1212,1766,2998,2459,1860,-2586,-1640
273,669389,4473179,4,348,561,678,1739,1808,1352,4389,-194,1252
274,637760,4439570,4,318,428,619,877,1790,1784,1724,-3423,-3408
275,655700,4456990,6,321,412,277,244,239,226,-633,103,382
276,601260,4453670,5,243,506,370,2934,1865,1026,7760,2227,4818
277,605749,4488510,4,448,692,786,2229,2076,1263,4786,355,2766
278,668100,4453780,4,244,405,606,1623,1784,1267,4562,-472,1231
279,625940,4398389,5,598,834,1122,1813,2632,2011,2354,-1842,-517
280,684159,4425499,4,251,518,505,2131,1527,865,6168,1651,4225
281,676880,4409080,5,450,598,907,1364,2888,2504,2012,-3584,-2947
282,655860,4452220,4,170,359,389,1990,1172,619,6729,2586,5254
283,633860,4436030,4,324,426,593,762,1805,1987,1247,-4063,-4456
284,697200,4439840,4,512,744,1040,1780,2295,1781,2624,-1263,-2
285,670360,4485149,4,320,550,742,2086,1607,1077,4752,1297,3190
286,607180,4472170,4,616,866,1158,2298,2168,1447,3298,291,2272
287,625400,4429429,4,267,516,500,2430,1659,944,6587,1885,4404
288,625029,4399880,4,292,574,529,2808,2148,1319,6829,1331,3607
289,653059,4434579,5,648,1018,1056,3156,2852,2037,4985,505,2154
290,685279,4441210,5,62,311,155,3153,1254,589,9062,4309,6851
291,642830,4474880,4,67,255,226,1576,1250,838,7491,1153,3057
292,652329,4481460,5,324,438,607,851,1782,1676,1673,-3535,-3264
293,620500,4445759,4,668,881,896,2308,1634,1111,4406,1709,3501
294,611850,4466720,4,103,376,197,2568,1448,779,8575,2788,5345
295,612569,4466230,4,263,438,403,2007,1505,875,6655,1429,3927
296,612150,4484680,4,355,658,636,2703,1988,1165,6190,1524,3976
297,672090,4447230,4,483,730,1118,1513,2984,2881,1501,-3271,-3113
298,617620,4398320,4,197,432,310,2398,1698,1007,7710,1708,4085
299,632680,4491740,4,525,681,878,1230,2551,2414,1669,-3493,-3249
300,662960,4438020,4,826,1100,1546,1870,3078,3091,948,-2441,-2461
301,699459,4427590,4,230,273,590,875,1661,1559,1945,-3099,-2810
302,612769,4441879,4,246,484,423,2345,1814,1055,6943,1276,3794
303,680969,4424390,5,166,482,370,3952,1859,1062,8287,3601,5763
304,651779,4404380,5,375,595,745,1950,2383,1959,4471,-999,-23
305,672670,4412970,4,392,584,750,2182,1436,869,4884,2061,4303
306,681310,4468520,5,755,949,1194,1859,2042,1726,2178,-469,370
307,694099,4484589,4,694,930,1096,2328,2418,1750,3598,-189,1417
308,656010,4420030,4,178,406,333,2305,1382,697,7475,2503,5356
309,642619,4423509,4,670,858,1030,1808,2781,2414,2741,-2120,-1435
310,673310,4446650,4,39,223,184,1934,1161,632,8262,2497,5074
311,665470,4404380,5,582,812,1070,1555,2876,2831,1847,-2981,-2909
312,662889,4464029,4,123,370,320,1715,1416,963,6855,954,2808
313,641759,4446510,4,272,381,648,1030,1848,1574,2276,-2842,-2089
314,657599,4433050,5,408,662,747,2496,1781,1082,5393,1671,3951
315,643250,4392120,5,507,849,1030,2985,2990,2161,4869,-8,1601
316,611849,4454440,5,576,769,1016,2535,2594,1711,4277,-115,1940
317,630729,4434690,4,188,360,350,1968,1137,652,6980,2676,5022
318,673929,4486930,5,518,783,991,2523,2508,1899,4359,29,1411
319,666150,4406410,5,794,1074,1058,1691,2807,2639,2302,-2481,-2189
320,641079,4442729,4,303,426,660,974,1865,1720,1921,-3138,-2769
321,664940,4471209,4,292,464,718,1102,1968,1749,2109,-2820,-2269
322,661910,4447590,4,11,284,169,1639,1474,883,8130,530,2997
323,635820,4424450,4,133,306,230,2103,1025,528,8028,3446,5986
324,701739,4490040,5,528,785,706,2807,2134,1299,5980,1362,3672
325,641439,4463550,4,296,383,583,838,2027,1964,1794,-4150,-4018
326,679569,4448750,4,413,591,960,1466,2368,1970,2085,-2352,-1466
327,607609,4421690,4,119,492,241,4068,1845,835,8881,3759,6593
328,627450,4405640,5,668,966,1126,3215,2728,1708,4812,819,3061
329,611679,4391910,5,580,808,1158,2144,2906,2193,2986,-1508,-112
330,602260,4451060,5,577,819,1148,2171,2754,1923,3082,-1183,605
331,629319,4422219,4,492,736,876,2894,2601,1684,5352,533,2643
332,691680,4400010,4,549,1184,1338,2444,1476,935,2924,2469,4465
333,638130,4404950,4,94,368,226,2807,1148,564,8509,4194,6653
334,602330,4396510,5,710,1118,1220,2676,1989,1550,3737,1472,2664
335,703430,4431180,4,200,304,417,592,1435,1470,1734,-4158,-4258
336,602070,4448650,5,672,930,1166,2114,2623,1879,2890,-1074,588
337,698749,4477439,5,794,972,955,2434,1819,1416,4364,1446,2644
338,701750,4491460,4,526,848,740,2907,1545,895,5941,3059,5291
339,658709,4484679,4,278,469,420,1582,1250,833,5804,1172,3101
340,676299,4405320,4,548,772,1210,1953,3260,2539,2349,-2507,-1304
341,606390,4499440,4,179,395,313,2180,1578,905,7488,1601,4132
342,676740,4430500,4,127,346,518,1419,2003,1320,4651,-1706,361
343,696859,4420560,4,286,415,503,1434,1465,991,4806,-106,1826
344,643130,4486750,6,232,257,137,246,155,172,2845,2269,1770
345,633440,4459290,4,203,480,342,2250,1336,743,7361,2548,5035
346,656999,4430550,5,970,1226,1462,1875,2343,1802,1237,-1109,198
347,610460,4431060,4,115,336,189,2231,1056,495,8438,3574,6368
348,644339,4471299,4,526,704,1138,1670,2403,1888,1894,-1799,-612
349,638410,4489710,5,608,787,1032,1416,2539,2466,1568,-2839,-2704
350,705559,4397460,4,88,363,358,2199,1218,751,7199,2870,4908
351,670270,4497440,5,502,768,886,2030,2416,1769,3923,-868,687
352,639010,4433220,4,401,542,916,1455,2312,1866,2273,-2275,-1237
353,618030,4418439,4,5,134,98,1245,1124,586,8540,510,3599
354,638640,4425440,5,642,866,1042,2119,2998,2647,3407,-1717,-1107
355,676520,4463630,4,344,612,736,2353,1986,1403,5234,845,2529
356,620479,4472519,4,312,524,651,1807,1964,1325,4703,-416,1538
357,651729,4482920,5,1490,1294,1444,1932,1221,912,1445,2254,3586
358,689250,4456689,4,510,791,1220,1576,3009,3167,1273,-3125,-3354
359,698660,4477800,5,766,974,1090,2388,2301,1679,3732,185,1743
360,637449,4409059,4,222,701,385,4760,2432,1245,8503,3236,5853
361,648929,4429559,4,154,466,473,2578,1642,915,6899,2218,4760
362,705170,4482660,5,616,746,852,1497,1837,1504,2745,-1019,-23
363,668639,4420830,4,321,594,630,1952,1957,1216,5120,-12,2323
364,702630,4441179,5,449,674,698,2166,2280,1836,5125,-256,824
365,675269,4410980,4,275,494,588,2042,1337,1004,5528,2086,3407
366,671589,4397510,4,449,678,835,2018,2532,1797,4146,-1129,579
367,681109,4391170,4,144,366,306,1918,1125,636,7248,2605,5019
368,619070,4437450,4,140,346,259,2418,1505,876,8064,2327,4681
369,699150,4468420,5,626,749,968,1656,2775,2656,2621,-2525,-2319
370,634199,4427600,4,169,317,368,2235,1559,873,7172,1781,4382
371,650639,4414500,4,381,505,522,2628,1001,573,6685,4483,6419
372,655789,4416770,6,524,557,547,442,506,474,-1061,-675,-349
373,634449,4392419,5,236,322,277,164,584,498,-2562,-5614,-5045
374,606360,4483060,4,576,778,972,2192,2935,2014,3855,-1449,423
375,678610,4448380,4,272,304,595,1037,1707,1353,2708,-2441,-1322
376,672669,4455080,4,288,516,658,1592,1545,1184,4151,149,1469
377,659780,4457310,6,350,438,320,272,304,269,-810,-555,55
378,650739,4448949,4,241,554,544,2090,1816,1292,5869,701,2359
379,642499,4483200,4,222,410,574,1513,1378,1012,4499,466,1984
380,641590,4460739,4,448,598,896,1420,2058,1898,2262,-1834,-1440
381,625049,4470320,4,368,490,688,930,2156,2060,1495,-3972,-3779
382,636280,4436830,4,553,730,1004,1240,1904,1942,1051,-2111,-2206
383,678920,4392990,4,41,249,143,2006,913,437,8669,3744,6422
384,669890,4479730,4,392,646,686,2301,1903,1200,5406,946,3144
385,709659,4418449,5,690,972,1104,2133,2297,1562,3178,-370,1545
386,659719,4458350,6,491,564,457,372,421,380,-1025,-617,-106
387,686479,4409130,4,234,486,379,2018,1552,982,6837,1305,3453
388,680109,4431980,4,234,430,666,1372,2066,1661,3464,-2018,-952
389,672710,4491390,4,278,432,396,1801,1370,956,6395,1359,3064
390,679900,4403070,4,216,411,480,1757,1663,1133,5708,274,2159
391,689159,4497749,6,314,425,124,67,75,78,-2984,-563,-758
392,632429,4453629,4,554,608,865,1509,2071,1562,2712,-1569,-172
393,606720,4398379,5,510,770,1208,1789,3000,2459,1938,-2528,-1577
394,698889,4483509,4,332,541,521,1946,1614,1097,5776,932,2790
395,668920,4432610,4,1,78,29,61,622,431,3555,-8213,-7520
396,679400,4444339,5,260,574,710,2927,2009,1191,6095,1859,4215
397,672460,4433990,4,462,640,891,1265,2100,2119,1734,-2481,-2523
398,635849,4404110,4,246,480,443,2766,1426,788,7239,3196,5565
399,709590,4496969,5,704,896,1014,1973,2314,1834,3210,-795,365
